{"cameraMode":{"drawMode":0,"name":"Shaded","section":"Shading Mode"},"sceneLighting":false,"audioPlay":false,"sceneViewState":{"showFog":true,"showMaterialUpdate":true,"showSkybox":false,"showFlares":true,"showImageEffects":true,"showParticleSystems":true},"in2DMode":false,"pivot":{"x":0.8399873971939087,"y":0.11706666648387909,"z":-0.969622790813446},"rotation":{"x":-0.1849277764558792,"y":0.056569021195173267,"z":-0.01066279225051403,"w":-0.9810705184936523},"size":0.7071070075035095,"orthographic":false}