{"cameraMode":{"drawMode":0,"name":"Shaded","section":"Shading Mode"},"sceneLighting":false,"audioPlay":false,"sceneViewState":{"showFog":true,"showMaterialUpdate":true,"showSkybox":false,"showFlares":true,"showImageEffects":true,"showParticleSystems":true},"in2DMode":false,"pivot":{"x":-0.0286865234375,"y":0.713470458984375,"z":-0.5252685546875},"rotation":{"x":-0.1109357550740242,"y":-0.05156285688281059,"z":0.005742588080465794,"w":-0.9925107955932617},"size":0.6331678628921509,"orthographic":true}