{"cameraMode":{"drawMode":0,"name":"Shaded","section":"Shading Mode"},"sceneLighting":true,"audioPlay":false,"sceneViewState":{"showFog":true,"showMaterialUpdate":true,"showSkybox":true,"showFlares":true,"showImageEffects":true,"showParticleSystems":true},"in2DMode":false,"pivot":{"x":1756.923095703125,"y":1027.1009521484375,"z":-183.5537109375},"rotation":{"x":-0.1530439853668213,"y":0.1203378438949585,"z":-0.018785329535603524,"w":-0.9806920289993286},"size":1685.64501953125,"orthographic":false}