{"cameraMode":{"drawMode":0,"name":"Shaded","section":"Shading Mode"},"sceneLighting":false,"audioPlay":false,"sceneViewState":{"showFog":true,"showMaterialUpdate":true,"showSkybox":false,"showFlares":true,"showImageEffects":true,"showParticleSystems":true},"in2DMode":false,"pivot":{"x":-0.21632957458496095,"y":-0.7412768602371216,"z":0.05265522003173828},"rotation":{"x":-0.2505580484867096,"y":-0.06326308846473694,"z":0.016411172226071359,"w":-0.9658985733985901},"size":4.80384635925293,"orthographic":false}